1,1146552599.1139832,12910251520.0
2,3375414646.5,298881.6796875
3,106784.392578125,116607.79296875
4,275134.1663208008,280237.609375
5,330927.1220703125,60350.1015625
6,232250.81298828125,9347.201904296875
7,142453.5458984375,103476.138671875
8,93271.4970703125,154115.26171875
9,74350.6913986206,98002.453125
10,46548.06329345703,53664.47265625
11,30127.758544921875,23295.92236328125
12,18848.32373046875,5028.2288818359375
13,12500.195556640625,5091.140625
14,21269.294540405273,6396.9046630859375
15,39629.812255859375,35330.2890625
16,27382.418701171875,33263.068359375
17,18542.650146484375,55592.7353515625
18,26029.856079101562,29194.537109375
19,16133.881103515625,13234.718505859375
20,11584.205322265625,1138.6803588867188
21,6421.288669586182,401.6585693359375
22,3426.6992797851562,1870.0622253417969
23,2170.967803955078,3190.209716796875
24,1624.180222928524,14385.110107421875
25,11069.454559326172,400.08116149902344
26,3941.8184967041016,2847.36376953125
27,2607.0348052978516,4225.2833251953125
28,2751.7058658599854,3662.9485473632812
29,2632.1184692382812,161.24497604370117
30,1371.1635036468506,733.9128265380859
31,817.5473747253418,1641.7344055175781
32,1345.4241847991943,782.3073425292969
33,555.8196640014648,7.860284209251404
34,272.2688182592392,301.8883590698242
35,190.78960019350052,288.31182861328125
36,175.8971118927002,2.0624307990074158
37,74.33682680130005,101.11719131469727
38,55.87817692756653,34.98483753204346
39,332.67543146014214,2603.614013671875
40,1301.5514030456543,79.54696464538574
41,542.7635345458984,986.5734100341797
42,544.0627193450928,2614.8419189453125
43,2637.09228515625,2785.8197021484375
44,1862.1085166931152,305.1605224609375
45,1255.094970703125,2438.2125854492188
46,1344.1350555419922,1278.2861938476562
47,704.0677680969238,19.041486740112305
48,284.8862752430141,480.5779266357422
49,315.50597631931305,260.8417053222656
50,190.8389596939087,7.2546305656433105
51,70.79052233695984,124.72818946838379
52,64.26157486438751,9.373022317886353
53,32.141358494758606,2.568718671798706
54,4.591951370239258,6.768080115318298
55,3.84878758713603,0.6860347539186478
56,1.9771996438503265,3.1519644260406494
57,1.9060517847537994,0.34391089528799057
58,0.8862269185483456,1.4636006653308868
59,0.9869402423501015,0.7083546817302704
60,0.9588418379426003,1.5824925303459167
61,1.0700079500675201,0.25533149018883705
62,0.6412389576435089,0.7404855638742447
63,0.5725126750767231,0.7405238151550293
64,0.47934530302882195,0.19760270044207573
65,0.33636077493429184,0.2320217229425907
66,0.2713056355714798,0.4291997626423836
67,0.30286461114883423,0.24891624599695206
68,0.24632732570171356,0.26323268190026283
69,527.4209753572941,20348.71728515625
70,14192.234375,19180.98828125
71,10591.050888061523,15775.709228515625
72,7643.269134521484,5685.846435546875
73,3982.793197274208,1188.2095336914062
74,2290.8088989257812,17.83151149749756
75,1409.807433605194,69.64084053039551
76,450.3371295928955,853.1626586914062
77,449.2747097015381,247.49225616455078
78,225.51933479309082,6.171383261680603
79,119.06869912147522,205.30725479125977
80,122.35725700855255,99.49269676208496
81,70.80827796459198,0.7245173156261444
82,34.09289854764938,46.334479331970215
83,31.712689638137817,42.299564361572266
84,23.36143606901169,5.57011353969574
85,11.482544660568237,1.8234974443912506
86,7.055084258317947,10.475452184677124
87,6.5575675666332245,8.391331672668457
88,4.648689836263657,3.7796555757522583
89,3.1157062724232674,0.651543915271759
90,1.970700889825821,0.21749546378850937
91,1.218476951122284,0.9649895280599594
92,1.0876746214926243,0.9465705007314682
93,0.7126573324203491,1.0621895790100098
94,0.6048252917826176,0.5793392807245255
95,0.41074202209711075,0.6373815387487411
96,0.3631683178246021,0.283118799328804
97,0.2650192677974701,0.3743297681212425
98,0.26050078496336937,0.2179504595696926
99,0.2203197367489338,4.679186105728149
100,34.304930210113525,0.36465467512607574
101,9.895199231803417,9.268836975097656
102,8.476578831672668,12.26736044883728
103,6.679726809263229,6.454810380935669
104,4.225467715412378,0.6441418826580048
105,2.3583379685878754,0.39196281880140305
106,1.4777202792465687,1.7600762248039246
107,1896.213732868433,1.3532094061374664
108,952.8255904316902,3290.0693969726562
109,1682.0412244796753,1976.8520812988281
110,1139.8644790649414,621.3692321777344
111,655.3339958190918,56.909451484680176
112,385.08372592926025,13.25375747680664
113,254.4142599105835,106.32443618774414
114,183.69507455825806,155.7556266784668
115,128.77980971336365,155.9827651977539
116,92.58350658416748,121.8918571472168
117,61.923434019088745,89.49329376220703
118,42.14568616449833,58.22057628631592
119,27.240457221865654,40.685179710388184
120,18.432870343327522,25.346875190734863
121,11.806727781891823,18.570186614990234
122,8.246139097958803,11.284982681274414
123,5.251834217458963,8.553916454315186
124,3.9638984203338623,4.526302456855774
125,2.469017207622528,3.172093391418457
126,1.8263533189892769,1.9343087673187256
127,1.2319127768278122,0.9034375101327896
128,0.7929866276681423,0.19659340009093285
129,19.576638408005238,72.76952362060547
130,40.32227170467377,24.694076538085938
131,23.78481012582779,3.4910144209861755
132,19.332838118076324,16.826693534851074
133,14.451777420938015,3.2825870513916016
134,8.386703431606293,0.2728922590613365
135,5.639025762677193,1.5555309355258942
136,3.7013036385178566,3.504839837551117
137,3.0361464470624924,3.0144777297973633
138,1.9609588980674744,3.065716862678528
139,13.554260671138763,0.1964128576219082
140,8.338358350098133,0.45305784046649933
141,6.141490340232849,0.3188830092549324
142,3.837074376642704,0.42344947904348373
143,2.9897215738892555,0.2077772356569767
144,1.8052315339446068,0.21185490489006042
145,1.4797724671661854,0.27392300963401794
146,0.8769004642963409,0.24879510700702667
147,0.7493699342012405,0.5367824286222458
148,0.48635925725102425,0.3778052031993866
149,0.4070996716618538,4.906364560127258
150,28.542858481407166,4.369948029518127
151,8.767659425735474,0.5998098254203796
152,5.687323302030563,3.6635648608207703
153,4.046715691685677,6.138615250587463
154,3.4174990952014923,4.1495643854141235
155,2.2599008679389954,2.7518932223320007
156,1.5738634020090103,0.8536268919706345
157,87.77369070798159,136.21954727172852
158,111.23572248220444,19.619741439819336
159,64.77495765686035,0.5370754599571228
160,40.79221937060356,15.277386665344238
161,29.6687668338418,24.962039470672607
162,20.71655774116516,27.60822343826294
163,15.488890171051025,20.362274646759033
164,10.190047692507505,15.067756414413452
165,7.09271764755249,8.308109283447266
166,4.487347066402435,5.66044294834137
167,3.0626254826784134,2.7303965091705322
168,2.0039132982492447,2.1077853441238403
169,1.3853340707719326,0.9985522627830505
170,0.9741400107741356,1.0082987397909164
171,0.701323714107275,0.5161909610033035
172,0.537459209561348,0.6630703061819077
173,0.4246109053492546,0.35862385481595993
174,0.33973637968301773,0.5151967853307724
175,0.3152802512049675,0.2749825641512871
176,27.67116428911686,6457.58154296875
177,8287.10400390625,21004.2373046875
178,11995.665603637695,16307.9921875
179,8757.752868652344,5293.141845703125
180,4928.7333984375,160.1408348083496
181,2754.0044708251953,5586.7186279296875
182,4057.1248836517334,5390.5838623046875
183,3158.878562927246,282.76428985595703
184,1452.1189193725586,1193.8869323730469
185,1222.1834259033203,1948.6774597167969
186,1045.8102416992188,242.16159439086914
187,389.59001541137695,146.73740005493164
188,279.9867343902588,307.8068389892578
189,188.44385394454002,220.25965118408203
190,126.61124777793884,22.127638339996338
191,60.25389337539673,16.61177396774292
192,39.42877447605133,62.984209060668945
193,36.278380021452904,42.018221855163574
194,24.4457825422287,8.406504154205322
195,12.675920486450195,1.0020002126693726
196,7.785957857966423,7.406636714935303
197,6.064063668251038,9.904091835021973
198,5.034953832626343,4.607827186584473
199,3.11763933300972,1.3519026637077332
200,1.7966062724590302,0.21761903539299965
201,0.7678593695163727,1.0931924283504486
202,0.769669383764267,0.5029134899377823
203,0.4790794476866722,0.46446414291858673
204,0.4336318038403988,0.4113951772451401
205,0.35022877156734467,0.2145533598959446
206,0.2605977691709995,0.3720072880387306
207,0.30063745379447937,0.24835984408855438
208,0.2501141130924225,0.20979080349206924
209,0.2199387587606907,0.2692876532673836
210,0.23402445390820503,0.20239722356200218
211,0.30011557787656784,3.3201531171798706
212,2.0515097305178642,1.6744984686374664
213,1.2769049033522606,0.2466660998761654
214,0.4517965689301491,0.6411911398172379
215,0.47866663336753845,0.43719398230314255
216,0.3653634563088417,0.2721683755517006
217,0.2787623144686222,0.26835422217845917
218,0.27275239303708076,0.24751229584217072
219,0.23811371996998787,0.2878698781132698
220,0.22169046476483345,1.2548239827156067
221,2.3339076191186905,4.256755590438843
222,2.329097241163254,1.8409499526023865
223,1.4219907224178314,0.3288869932293892
224,0.7748338282108307,0.6304025501012802
225,0.6937425285577774,0.7588339298963547
226,0.5644894242286682,0.30391640961170197
227,0.35697952285408974,0.5426777750253677
228,0.3924311324954033,0.23845556378364563
229,0.28685440495610237,0.2344595603644848
230,0.841569721698761,31.47023296356201
231,28.59218192100525,58.65825271606445
232,31.875410795211792,4.642218232154846
233,12.697180181741714,14.21154499053955
234,11.69552592933178,13.042773246765137
235,7.981473989784718,0.5412670969963074
236,3.801406905055046,6.450271964073181
237,3.904867872595787,2.15503066778183
238,2.0260720252990723,1.0120991468429565
239,1.4309211522340775,1.9974440038204193
240,1.2506559640169144,0.552606463432312
241,0.6754394993185997,0.5886080414056778
242,0.5914093479514122,0.6534461081027985
243,0.48458920419216156,0.32980313152074814
244,0.3361523225903511,0.3102356493473053
245,0.313992191106081,0.2939775660634041
246,8066.074334599078,20127.736328125
247,14706.880294799805,6.658759236335754
248,7958.22409709543,13138.10693359375
249,9190.466501235962,9131.259521484375
250,6351.332553863525,328.60638427734375
251,2543.1788940429688,3659.81494140625
252,1969.6373643875122,1261.0382385253906
253,1377.3686332702637,592.6623687744141
254,665.7792109251022,1114.9596252441406
255,672.4225234985352,3.9312565326690674
256,272.28283727169037,541.3382720947266
257,279.3877968788147,53.32329082489014
258,142.72636318206787,157.43010330200195
259,98.76346731185913,79.75991630554199
260,75.62069135904312,32.49640941619873
261,35.59604015946388,58.26884174346924
262,37.13384246826172,3.151346445083618
263,14.25692930817604,27.986974716186523
264,15.932233214378357,0.24178601056337357
265,6.411526374518871,13.596596717834473
266,7.1526840925216675,0.45475052297115326
267,3.108962431550026,5.088539481163025
268,2.9281690567731857,0.33993829786777496
269,1.4585687294602394,2.7095717787742615
270,1.472120150923729,0.38878076523542404
271,0.7971772104501724,1.002387136220932
272,0.6880032196640968,0.20811084657907486
273,0.42586082220077515,0.76912622153759
274,0.4664221629500389,0.2200675718486309
275,0.30746255815029144,0.32075148075819016
276,0.27624133229255676,0.20174190774559975
277,0.24647726118564606,0.2735598385334015
278,0.24071580916643143,0.34478119015693665
279,0.2706848308444023,0.19819847866892815
280,0.21656771376729012,0.20419520139694214
281,4.528735142201185,4.9406105279922485
282,5.271305575966835,10.137488603591919
283,5.511568069458008,0.5792656093835831
284,2.5880195945501328,2.7923147082328796
285,1.832715518772602,1.6994307935237885
286,1.5185561329126358,0.45348038524389267
287,0.7965713813900948,1.6164260804653168
288,0.8856057822704315,0.33592110127210617
289,0.5225416719913483,0.4415386989712715
290,0.3816188834607601,0.3199848607182503
291,0.34378689527511597,0.2878449559211731
292,0.28145668283104897,0.4209704250097275
293,0.3003719449043274,0.20646968111395836
294,0.23347681015729904,0.21921199560165405
295,0.26170413941144943,2.6105674505233765
296,1.993511088192463,0.560364305973053
297,0.9083631262183189,1.296403557062149
298,0.9323268607258797,0.2783324271440506
299,0.5046204924583435,0.9928449094295502
300,0.5869996473193169,0.20828356221318245
301,0.3120850548148155,0.2555439993739128
302,0.25238867476582527,0.25078321248292923
303,0.2424515001475811,0.19657820463180542
304,0.2282729484140873,0.26246461272239685
305,0.2305045649409294,0.29294534027576447
306,0.23252086341381073,0.18145828694105148
307,0.47747327387332916,0.5354453027248383
308,0.5769786611199379,0.23191436380147934
309,0.34626178443431854,0.40698321908712387
310,0.3219041936099529,0.22270981222391129
311,0.2787708714604378,0.26864127069711685
312,0.25624795258045197,0.3659995272755623
313,0.2667939141392708,0.2501348629593849
314,0.23527421057224274,0.19507082179188728
315,0.24452151730656624,0.2392318919301033
316,0.250657606869936,0.21901164203882217
317,0.23100148141384125,0.31073230504989624
318,0.241928618401289,0.24484242126345634
319,2.1786677315831184,2.077489495277405
320,2.6193526089191437,2.5637624859809875
321,1.7608137279748917,2.6086257100105286
322,1.6674669086933136,0.19683954119682312
323,0.7608946301043034,1.0621889531612396
324,0.6879543252289295,0.32510723173618317
325,0.4951687976717949,0.5014304593205452
326,0.3880409225821495,0.6023250371217728
327,0.370720025151968,0.40972962975502014
328,0.31610141694545746,0.23143934458494186
329,0.24967621639370918,0.19678084552288055
330,0.21308747306466103,0.20375453308224678
331,0.2041948437690735,0.19654979556798935
332,0.20443275943398476,0.20795566961169243
333,0.20744850113987923,0.23621971905231476
334,0.21223856136202812,0.2441164217889309
335,0.21309541165828705,0.2268354445695877
336,0.20782442390918732,0.20899101346731186
337,0.20048152282834053,0.19834833964705467
338,0.2202668935060501,0.19777682423591614
339,0.20532077550888062,0.2241951748728752
340,0.20975887030363083,0.24393782019615173
341,0.2131526730954647,0.22892854362726212
342,0.2086552381515503,0.20803076028823853
343,0.2014591060578823,0.19869591668248177
344,0.1972445473074913,0.2021143063902855
345,0.1981891579926014,0.20147571712732315
346,1.2319257408380508,355.08605194091797
347,1213.9877243041992,2335.6776733398438
348,1195.1238327026367,215.6976318359375
349,596.3873023986816,441.5295181274414
350,351.2970822453499,557.8683013916016
351,300.4376792907715,153.32954788208008
352,187.42069244384766,0.5767881274223328
353,103.42351311445236,70.15546226501465
354,63.58500146865845,106.65739822387695
355,50.58058187365532,64.74026679992676
356,37.274580001831055,13.45412302017212
357,21.996276795864105,2.1643930673599243
358,8.49901968240738,10.485645055770874
359,6.172101631760597,9.326872825622559
360,4.9566062688827515,2.583966851234436
361,3.233681797981262,0.2291368879377842
362,798.8919028304517,5059.380615234375
363,2830.3632650263608,4330.210693359375
364,2202.8758087158203,1363.1212768554688
365,1404.263038635254,13.171303033828735
366,761.4931437969208,399.20860290527344
367,466.6214904785156,775.9209442138672
368,373.3867609500885,485.92308807373047
369,280.79452896118164,87.48143768310547
370,163.5929012298584,8.305866241455078
371,86.33164691925049,94.00946617126465
372,60.702623784542084,100.44463729858398
373,49.767420053482056,33.04849624633789
374,32.64851927757263,0.23329958319664001
375,17.245422165840864,13.60750961303711
376,11.079493403434753,14.106565237045288
377,7.866073548793793,11.938009262084961
378,5.625424213707447,8.532356023788452
379,3.979631081223488,5.157080054283142
380,2.7414188981056213,2.5857917070388794
381,1.8263277113437653,1.0423868894577026
382,1.1764640361070633,0.36115169525146484
383,0.746849536895752,0.19743681326508522
384,0.4856839179992676,0.23429197818040848
385,0.3428095430135727,0.2788545861840248
386,0.271061509847641,0.27075234800577164
387,0.23960819095373154,0.2300926372408867
388,0.22741417959332466,0.19979502633213997
389,0.22491028159856796,0.20142697915434837
390,0.22701457515358925,0.24364711344242096
391,0.2334974706172943,0.27490246295928955
392,0.23541945964097977,0.28833162039518356
393,0.23405123129487038,0.28216907382011414
394,0.22913037985563278,0.2636532858014107
395,0.2216256558895111,0.24403265118598938
396,0.24090437218546867,0.7603088170289993
397,0.4951721280813217,0.3988405168056488
398,0.40739656239748,0.2033657766878605
399,0.34346190467476845,0.24830394238233566
400,0.31145240366458893,0.3733324855566025
401,0.304210789501667,0.35415349155664444
402,0.28838855773210526,0.33994533121585846
403,0.2778397798538208,0.32972151786088943
404,0.2684413008391857,0.32022614032030106
405,0.23513609543442726,2.614716410636902
406,2.0350401997566223,1.417919784784317
407,1.3386684656143188,0.7620965242385864
408,0.88753442466259,0.43077602237463
409,0.6007063984870911,0.27890829741954803
410,0.4209485724568367,0.21923582255840302
411,0.31223164498806,0.1998586282134056
412,0.2485266774892807,0.19613627344369888
413,0.46295246481895447,4.533705472946167
414,2.2499698661267757,2.685377299785614
415,5.443622916936874,28.520264148712158
416,12.98592309653759,18.66658592224121
417,8.875979661941528,10.682116746902466
418,5.93628066778183,5.184231162071228
419,3.8623252511024475,2.0205728709697723
420,2.441298633813858,0.5991192162036896
421,1.5136874988675117,0.20749492570757866
422,0.9404528141021729,0.25385259464383125
423,0.6061217412352562,0.3697405904531479
424,0.422453410923481,0.40488478541374207
425,0.32617543637752533,0.34945325553417206
426,0.2732275724411011,0.27863752096891403
427,0.23903914913535118,3087.5340576171875
428,2419.841583251953,1978.0159301757812
429,1513.7960205078125,1415.4285278320312
430,999.8749389648438,1005.0836029052734
431,661.4326553344727,705.5765991210938
432,437.7581100463867,489.2998504638672
433,289.7342720031738,335.29251861572266
434,191.68874549865723,227.1820831298828
435,126.75342464447021,152.3455352783203
436,83.79771375656128,101.22755241394043
437,55.40962266921997,66.6104564666748
438,36.64367723464966,43.44838047027588
439,24.26955223083496,28.025545120239258
440,16.095848083496094,17.881749153137207
441,10.725313425064087,11.213053226470947
442,7.166741847991943,6.922325134277344
443,4.833144724369049,4.1760478019714355
444,3.291557729244232,2.466875910758972
445,2.286182701587677,1.4257817566394806
446,1.6287141144275665,0.8062314838171005
447,1.1928461790084839,0.45980969816446304
448,0.9039627686142921,0.28153444081544876
449,0.7122981175780296,0.2080228328704834
450,0.5814352408051491,0.19276171550154686
451,0.43603695183992386,0.21333299204707146
452,0.38474327325820923,0.2562553733587265
453,0.3496665954589844,0.28692420572042465
454,0.32199643552303314,0.2982121631503105
455,0.2970941811800003,0.290769062936306
456,0.2746397852897644,0.27469658106565475
457,0.259490966796875,0.2534016966819763
458,0.24746734648942947,0.24259209260344505
459,0.23742179200053215,0.23287326470017433
460,0.23050802201032639,0.2245793603360653
461,0.2245897315442562,0.21557271480560303
462,0.22062449902296066,0.211984995752573
463,0.21939488872885704,0.20957065746188164
464,0.21942490339279175,0.2070297710597515
465,0.22815688699483871,0.21160509809851646
466,0.21787525340914726,0.19935031235218048
467,0.22207748517394066,0.1937979720532894
468,0.22670793160796165,0.18961235508322716
469,0.23046305403113365,0.18862581998109818
470,0.23368437588214874,0.1889694444835186
471,0.23655642569065094,0.18949918448925018
472,0.23803036287426949,0.18242401257157326
473,0.32289300486445427,0.36875131726264954
474,0.31435514986515045,0.29839468747377396
475,0.29298441857099533,0.25558794662356377
476,0.2753245159983635,0.19444942101836205
477,0.2631295286118984,0.19363190606236458
478,0.2553679384291172,0.22014832869172096
479,0.24909886345267296,0.2433219775557518
480,3.151318170130253,209.5346221923828
481,146.97689151763916,80.82661628723145
482,68.31894779205322,95.82571029663086
483,48.6206910610199,75.14928436279297
484,34.62877981364727,42.7462682723999
485,23.691258192062378,17.12006425857544
486,15.480644226074219,3.9976425170898438
487,9.91675129532814,0.2635263577103615
488,6.395587109029293,0.9589966535568237
489,4.2651426792144775,2.3882158994674683
490,3.0010420083999634,3.165278136730194
491,2.2121096402406693,3.0019317865371704
492,1.633422590792179,2.3142969608306885
493,1.1901590265333652,1.5253982245922089
494,0.8467083424329758,0.9018396735191345
495,0.5934036746621132,0.5086634382605553
496,0.41941943764686584,0.3028195649385452
497,0.30675872415304184,0.2162599302828312
498,0.24073870107531548,0.18882210552692413
499,10957.095769327134,35628.9482421875
500,20907.144653320312,20323.80810546875
501,13362.263671875,848.5519104003906
502,6750.781318664551,4293.35205078125
503,3973.0317001342773,7250.5123291015625
504,3649.017234802246,1591.3792114257812
505,2202.1898517608643,343.5762710571289
506,1048.3904418945312,1907.1536254882812
507,945.0439047217369,794.9136810302734
508,674.9764175415039,6.04683792591095
509,312.4796839952469,428.39019775390625
510,240.06459879875183,324.39424896240234
511,199.61228942871094,13.118376970291138
512,98.22560596466064,69.71779823303223
513,58.977022647857666,107.18718147277832
514,54.7286639213562,20.913729667663574
515,32.89815670251846,5.629832148551941
516,16.60701036453247,28.385669231414795
517,14.317303910851479,14.712931871414185
518,10.553062319755554,0.3544100895524025
519,5.030803874135017,4.423999071121216
520,3.2547521889209747,5.661967992782593
521,3.013017773628235,1.280156433582306
522,1.9791010171175003,0.4172203242778778
523,1.1622561365365982,1.6486064195632935
524,0.9783894158899784,1.1954633295536041
525,0.7722682058811188,0.2944035157561302
526,0.41982758045196533,0.3686182349920273
527,0.31443069875240326,0.3870875984430313
528,0.3302742578089237,0.1967811957001686
529,0.27502451837062836,0.30831005424261093
530,0.26312223821878433,0.25933896377682686
531,0.23608378693461418,0.19655293598771095
532,0.20429350808262825,0.21554803103208542
533,0.2069413997232914,0.1996714062988758
534,0.21083572879433632,0.203505739569664
535,0.20976823568344116,0.21406232565641403
536,0.2068994790315628,0.20250722393393517
537,0.20009557157754898,0.19640925154089928
538,0.19687176495790482,0.19654301926493645
539,0.19875294342637062,0.19682588800787926
540,0.20076575502753258,0.19974590465426445
541,0.20125920698046684,0.20063824579119682
542,0.2001391462981701,0.19863412156701088
543,0.19867804646492004,0.19724644348025322
544,0.19822920113801956,0.19703487306833267
545,0.1988985724747181,0.1976587250828743
546,0.19968495517969131,0.19860662892460823
547,0.19989153742790222,0.19887500256299973
548,0.19956998527050018,0.19842416420578957
549,0.19914499297738075,0.19790318980813026
550,0.1990407630801201,0.1978333815932274
551,0.19874240085482597,0.19786933809518814
552,0.19824041426181793,0.19712389633059502
553,0.19783227145671844,0.19697575643658638
554,0.19803020730614662,0.19714713096618652
555,0.19827280938625336,0.19746913760900497
556,0.19837623089551926,0.19743331521749496
557,0.1982426792383194,0.19720134884119034
558,0.19812830910086632,0.19725896790623665
559,0.1982247419655323,0.19730883836746216
560,0.19824698567390442,0.1972803920507431
561,0.19797540083527565,0.19615473225712776
562,2.1338972747325897,15.964032411575317
563,9.37153971195221,0.25010647624731064
564,4.262460075318813,6.504504561424255
565,3.6225950568914413,2.73013699054718
566,2.5611976981163025,0.6955672651529312
567,1.1633689403533936,2.2025213837623596
568,1.2685808539390564,0.3072424605488777
569,0.7778228297829628,0.7817859798669815
570,0.5987392626702785,0.7159383147954941
571,0.5216013640165329,0.19688376784324646
572,0.3036378100514412,0.39969997853040695
573,0.299395814538002,0.25318770483136177
574,0.28525256738066673,0.22823985666036606
575,0.25289708748459816,0.2919444739818573
576,0.24645229429006577,0.19905605539679527
577,0.20888174697756767,0.22032251209020615
578,0.2099599540233612,0.19728613644838333
579,0.21013278141617775,0.21393822133541107
580,0.20869970321655273,0.20392217487096786
581,0.2009405754506588,0.19719382002949715
582,0.19710774719715118,0.19683446362614632
583,0.19939186051487923,0.1888599842786789
584,0.25866036862134933,0.29661157727241516
585,0.27601464837789536,0.22338785976171494
586,0.22307361289858818,0.24437153339385986
587,0.23583593219518661,0.2026187665760517
588,0.22186337038874626,0.2389777973294258
589,0.21878722310066223,0.19883016496896744
590,0.20090044289827347,0.20322692021727562
591,0.20065176486968994,0.19696349650621414
592,0.20366933941841125,0.20311960577964783
593,0.2034597061574459,0.2030092515051365
594,0.20019933581352234,0.19650733470916748
595,0.19683391228318214,0.19659167528152466
596,0.19820508733391762,0.1969868242740631
597,0.19968897104263306,0.19935836270451546
598,0.19957658648490906,0.1982899121940136
599,0.19814031943678856,0.19672924652695656
600,0.19750448316335678,0.1966453343629837
601,0.19780010357499123,0.19726691767573357
602,0.19790808483958244,0.19703150913119316
603,0.19755471870303154,0.19670073688030243
604,0.19752006977796555,0.19682538136839867
605,0.19769976660609245,0.19703559949994087
606,0.19774246215820312,0.19694634154438972
607,0.19756535440683365,0.19677450507879257
608,0.19757793843746185,0.19687828794121742
609,0.19771922379732132,0.19696377962827682
610,0.19773583859205246,0.19689124077558517
611,0.19767287746071815,0.19685962051153183
612,37.37404861301184,7.286433815956116
613,66.0205169916153,111.55908393859863
614,60.038073897361755,314.1227493286133
615,117.79076129198074,84.31011772155762
616,47.94192838668823,0.5058086961507797
617,18.258326545357704,37.46969127655029
618,19.957842230796814,1.0569609999656677
619,9.081761926412582,14.87577223777771
620,8.114835690706968,2.6406832337379456
621,4.5710921585559845,4.56731116771698
622,2.9764692783355713,2.528746247291565
623,2.4612556882202625,1.1965619921684265
624,1.31183160841465,1.9360801577568054
625,1.2783470898866653,0.2545580640435219
626,0.5163016393780708,0.8112837672233582
627,0.5897258818149567,0.29640763998031616
628,0.37777523696422577,0.4540991857647896
629,0.3616638258099556,0.254550788551569
630,0.25718574970960617,0.2665648087859154
631,0.26630544289946556,0.24711056426167488
632,0.24109963700175285,0.2314121499657631
633,0.22250669822096825,0.21299294009804726
634,0.2072112113237381,0.20170065388083458
635,0.21023286879062653,0.2126961573958397
636,0.20846927165985107,0.2023536153137684
637,0.20054736733436584,0.19904036074876785
638,0.19829443097114563,0.1965213380753994
639,0.2006065733730793,0.20153596997261047
640,0.20062950626015663,0.19831012189388275
641,0.1976415440440178,0.19646547734737396
642,0.1970900520682335,0.1964477263391018
643,0.1984221562743187,0.19824156910181046
644,0.19855034351348877,0.19749771803617477
645,0.19749508798122406,0.19647031649947166
646,0.19723884761333466,0.1966320127248764
647,0.19788828492164612,0.1973949335515499
648,0.19804194569587708,0.19725627079606056
649,0.19759540632367134,0.19673650339245796
650,0.1974484920501709,0.19678599014878273
651,0.19749407842755318,0.19688744470477104
652,0.197275523096323,0.1966027244925499
653,0.19716189056634903,0.196684330701828
654,0.19736795127391815,0.19682228937745094
655,0.19735688716173172,0.19674475491046906
656,0.19724682718515396,0.19669176638126373
657,0.19728826731443405,0.19673585146665573
658,0.19730787724256516,0.19673972204327583
659,0.19733728095889091,0.19672347605228424
660,0.1972796395421028,0.1966978684067726
661,0.1973518207669258,0.19677885621786118
662,0.1973729021847248,0.19671427085995674
663,0.19730185344815254,0.1967792958021164
664,0.1973995864391327,0.19681066274642944
665,0.19737710431218147,0.19675803929567337
666,0.19728625193238258,0.19658227637410164
667,0.1970236375927925,0.19543881341814995
668,0.17505743727087975,8.771331548690796
669,6.147031307220459,8.004303574562073
670,4.49122166633606,0.35034826397895813
671,1.8881461173295975,3.4318063855171204
672,2.0778177976608276,0.5095562189817429
673,0.8839118629693985,1.2875265777111053
674,0.9707596227526665,0.5387152880430222
675,0.5763231888413429,0.5936278104782104
676,0.4831849932670593,0.4717170000076294
677,0.37013303115963936,0.20358245447278023
678,0.295110858976841,0.3792198449373245
679,0.2943263314664364,0.2167038433253765
680,0.2282840646803379,0.22509941458702087
681,0.2330724336206913,0.24480778351426125
682,0.22582651302218437,0.19752215594053268
683,0.20361094549298286,0.21229899674654007
684,0.2080833800137043,0.20229963213205338
685,0.2052612192928791,0.20278988406062126
686,0.20019453018903732,0.19924737513065338
687,0.19862853735685349,0.19644062593579292
688,0.19996406883001328,0.20090515911579132
689,0.1989917792379856,0.19627905264496803
690,0.19671743735671043,0.19647877663373947
691,0.19815829023718834,0.1980242356657982
692,0.1982969343662262,0.19701312482357025
693,0.19698189944028854,0.19640874862670898
694,0.1972874142229557,0.19679368287324905
695,0.19783754274249077,0.19716299697756767
696,0.1973879337310791,0.19655165076255798
697,0.19711214676499367,0.19645439460873604
698,0.1974281668663025,0.19690826535224915
699,0.19741563871502876,0.19676922634243965
700,0.1971883811056614,0.19659411162137985
701,0.19715501368045807,0.19663099199533463
702,0.1971089132130146,0.19652412831783295
703,0.19706568121910095,0.1965864673256874
704,0.19712244719266891,0.19661620259284973
705,0.19707370549440384,0.1965150237083435
706,0.1970750167965889,0.1966116726398468
707,0.1971232034265995,0.1966198794543743
708,0.19709139689803123,0.19646139442920685
709,0.19703250005841255,0.1966223046183586
710,0.1971946321427822,0.19663958251476288
711,0.1970967911183834,0.1964731588959694
712,0.19705620780587196,0.19640852883458138
713,0.1970212422311306,0.19642538577318192
714,0.19698764756321907,0.1963977925479412
715,0.1968347690999508,0.19610993936657906
716,0.19635792076587677,0.19474291801452637
717,0.18956254050135612,0.14581430703401566
718,1.0880228094756603,1.3075570464134216
719,1.2341860085725784,0.5549125671386719
720,0.8980729877948761,1.4018601477146149
721,0.8460077196359634,0.2504473179578781
722,0.4268335588276386,0.4971953555941582
723,0.4454762563109398,0.4599607214331627
724,0.36590395495295525,0.20637019723653793
725,0.2603483572602272,0.3243991360068321
726,0.2710578180849552,0.24845735728740692
727,0.2421165332198143,0.1999499425292015
728,0.21291494369506836,0.22574254125356674
729,0.21781494840979576,0.2188231460750103
730,0.21213842928409576,0.19655392691493034
731,0.2000586874783039,0.20235364139080048
732,0.20317691564559937,0.20508433505892754
733,0.20208144187927246,0.19633306190371513
734,0.1971796117722988,0.19727043434977531
735,0.19900265708565712,0.19984614104032516
736,0.1987675577402115,0.19639630615711212
737,0.19671889021992683,0.19644790887832642
738,0.19768061488866806,0.19785045459866524
739,0.19759754464030266,0.19641901180148125
740,0.19674519449472427,0.19640392810106277
741,0.19732161238789558,0.1972392424941063
742,0.1972648687660694,0.19637516140937805
743,0.19681164622306824,0.1963769569993019
744,0.1970592588186264,0.19647981971502304
745,0.1955893561244011,2.659218907356262
746,1.9602949991822243,2.0862833857536316
747,1.42951450496912,1.333118051290512
748,0.9618128389120102,0.2096114158630371
749,0.5179791934788227,0.765014722943306
750,0.5547501593828201,0.4786049500107765
751,0.40291953459382057,0.19679538905620575
752,0.28075866028666496,0.28410160541534424
753,0.283248383551836,0.3270561248064041
754,0.26476501673460007,20.98550844192505
755,13.516002006828785,10.125458717346191
756,7.380022197961807,10.070127964019775
757,5.587320566177368,1.7059998512268066
758,2.785410523414612,0.9024249315261841
759,1.78473399579525,2.8813337087631226
760,1.7217834256589413,1.5219156444072723
761,1.1165417581796646,0.1992643065750599
762,0.5939632058143616,0.647911861538887
763,0.5772746279835701,0.747648224234581
764,0.49312588572502136,0.26685063168406487
765,0.3189834728837013,0.2346557006239891
766,0.2915426269173622,0.35617394000291824
767,0.28028273954987526,0.24906346201896667
768,0.23673386499285698,0.1964578814804554
769,0.22399521246552467,0.23336175829172134
770,0.21751892939209938,0.2175925374031067
771,0.20926374197006226,0.1983158364892006
772,0.2063085474073887,0.20408141613006592
773,0.20126809924840927,0.20233595371246338
774,0.20049478486180305,0.19854053482413292
775,0.20041979104280472,0.19798648357391357
776,0.19737394154071808,0.19750884920358658
777,0.19791721180081367,0.19831039384007454
778,0.19796837866306305,0.19629471749067307
779,0.1966092512011528,0.19631679356098175
780,0.19737381115555763,0.1971624605357647
781,0.196946632117033,0.19629674777388573
782,0.19661322236061096,0.19646022841334343
783,0.19687585905194283,0.1961086168885231
784,0.19564028829336166,0.1914011798799038
785,0.30540256947278976,0.47395315021276474
786,0.37382276728749275,0.21677996963262558
787,0.2945355996489525,0.24294601380825043
788,0.25536734238266945,0.2918238416314125
789,0.25276806578040123,0.2541068494319916
790,0.23452811315655708,0.19749018549919128
791,0.20885511115193367,0.2033727429807186
792,0.21041998267173767,0.21852198243141174
793,0.20621586591005325,0.1953584961593151
794,0.2057531140744686,0.2613711506128311
795,0.23735250160098076,0.2018226943910122
796,0.22218900546431541,0.21039776876568794
797,0.2097264714539051,0.21751981228590012
798,0.20969208329916,0.2090829238295555
799,0.20634394511580467,0.196339450776577
800,0.19852978363633156,0.19858872890472412
801,0.20012814551591873,0.20162291452288628
802,0.19869759306311607,0.19689679145812988
803,0.2081368826329708,0.24801743030548096
804,0.23916998133063316,0.261285874992609
805,0.22836026176810265,0.21944233775138855
806,0.2125970795750618,0.19976060837507248
807,0.20879796519875526,0.19926327466964722
808,0.20110105723142624,0.20244571194052696
809,0.20241037011146545,0.2053445242345333
810,0.20091081410646439,0.1981867179274559
811,0.19804158061742783,0.19672704860568047
812,0.19884560257196426,0.19736196845769882
813,0.1970386616885662,0.1968369036912918
814,0.19757220894098282,0.19790279492735863
815,0.19751720130443573,0.1963830254971981
816,0.19665847346186638,0.1963777132332325
817,0.19727592542767525,0.1968902200460434
818,0.19688698276877403,0.19638175517320633
819,0.19693122431635857,0.19676189124584198
820,0.19701165333390236,0.19645443186163902
821,0.19676772505044937,0.1965179182589054
822,0.1970299668610096,0.19653159007430077
823,0.19672908633947372,0.19632160663604736
824,0.8961938954889774,2.0952420830726624
825,1.5014164447784424,2.03764408826828
826,1.1290721148252487,0.9599319994449615
827,0.7396529726684093,0.32487715035676956
828,0.5148483440279961,0.20624107122421265
829,0.3735295459628105,0.3196607157588005
830,0.341709665954113,0.4003073424100876
831,0.30363668501377106,0.3331959769129753
832,0.2690161392092705,0.25623462721705437
833,0.24389471113681793,0.20094653218984604
834,0.2167813777923584,0.19807450100779533
835,0.21457840874791145,0.21270101517438889
836,0.20705796033143997,0.21126214042305946
837,0.20579583197832108,0.20866868272423744
838,0.20338568836450577,0.19822300225496292
839,0.19881777837872505,0.1965445578098297
840,0.19963545352220535,0.1976814605295658
841,0.1973102204501629,0.19732048362493515
842,0.19793175905942917,0.19841638952493668
843,0.1975342556834221,0.19646114483475685
844,0.19668159261345863,0.19633083790540695
845,0.19699997454881668,0.1959207020699978
846,0.19509682431817055,0.18974634632468224
847,0.19384130835533142,0.13410847261548042
848,0.20529514737427235,0.21953409537672997
849,0.22660034894943237,0.2498130425810814
850,0.22281650081276894,0.21380549669265747
851,0.20875201746821404,0.20208022370934486
852,0.2063874863088131,0.19643509760499
853,0.19996032863855362,0.19707724452018738
854,0.20102082565426826,0.20034093037247658
855,0.1984957940876484,0.1988840214908123
856,0.19861890375614166,0.19948497042059898
857,0.19814571365714073,0.19697115942835808
858,0.197043526917696,0.19684944674372673
859,0.19753051549196243,0.19642246887087822
860,0.1965678110718727,0.1964670531451702
861,0.197017353028059,0.19673047587275505
862,0.1966581605374813,0.19626683369278908
863,0.19668098166584969,0.19652094691991806
864,0.19658831134438515,0.19593385979533195
865,0.19583947956562042,0.19387982040643692
866,0.18775136023759842,2.644788444042206
867,1.8409593626856804,0.7874020338058472
868,0.9847282841801643,1.2252123355865479
869,0.7886987552046776,1.019672617316246
870,0.6157437860965729,0.6108171045780182
871,0.46260448917746544,0.27670274674892426
872,0.3325417935848236,0.19637025520205498
873,0.28850241750478745,0.2409103587269783
874,0.2529519535601139,0.26999203860759735
875,0.245575949549675,0.2682674676179886
876,0.22974525019526482,0.23211796209216118
877,0.21579361334443092,0.21339351311326027
878,0.20580126345157623,0.13810477778315544
879,5.35430920869112,0.9456394165754318
880,2.7538354992866516,0.19669484347105026
881,1.771882452070713,0.467665359377861
882,1.2937351614236832,0.9025773108005524
883,0.9472987614572048,1.041490912437439
884,0.7483138218522072,0.9655214697122574
885,0.5762756988406181,0.6975514888763428
886,0.4472827799618244,0.4734879434108734
887,0.35999945551157,0.2917614057660103
888,0.2878779284656048,0.21717079728841782
889,0.25881121680140495,0.19647089391946793
890,0.2288634441792965,0.20322279632091522
891,0.22409803420305252,0.21757137402892113
892,0.212630707770586,0.2162705510854721
893,0.21020209416747093,0.21637138724327087
894,0.2055709771811962,0.20543691888451576
895,0.20173856616020203,0.20223381370306015
896,0.20115195587277412,0.19703525304794312
897,0.19783999770879745,0.19653408229351044
898,0.1987236626446247,0.1969546563923359
899,0.19702132046222687,0.19674057513475418
900,0.1976577378809452,0.19764269515872002
901,0.19700827077031136,0.1966695934534073
902,0.19693471863865852,0.19711562246084213
903,0.19683830067515373,0.19641710817813873
904,0.19668754562735558,0.19667410105466843
905,0.19677230715751648,0.19627587497234344
906,0.19653815776109695,0.19648991152644157
907,0.19670987501740456,0.1963709555566311
908,0.1964855082333088,0.19625867158174515
909,0.1965601146221161,0.19619278982281685
910,0.196320328861475,0.19587381929159164
911,0.19555005431175232,0.1918811835348606
912,0.21488547325134277,0.25940215215086937
913,0.22968431562185287,0.2234005592763424
914,0.21480318903923035,0.2095964327454567
915,0.21068281307816505,0.19861799106001854
916,0.2026873305439949,0.19692038744688034
917,0.2028670310974121,0.19674989953637123
918,0.198727086186409,0.196965504437685
919,0.1996384561061859,0.19865090772509575
920,0.19772163778543472,0.19748595729470253
921,0.1979333832859993,0.19842738285660744
922,0.19733618944883347,0.19687485322356224
923,0.19700178876519203,0.1973690576851368
924,0.19713874906301498,0.1963353268802166
925,0.1966024897992611,0.1965615712106228
926,0.19682573154568672,0.1963151954114437
927,0.196549903601408,0.19631876796483994
928,0.19671138748526573,0.1963287815451622
929,0.19661765173077583,0.19646433368325233
930,0.19677788019180298,0.19638976082205772
931,0.1965203993022442,0.19633428379893303
932,0.19661695510149002,0.19632327184081078
933,0.19647008925676346,0.1961166448891163
934,0.19630581885576248,0.1956205852329731
935,0.19461023807525635,0.19183389097452164
936,0.22025758028030396,0.19732416793704033
937,0.20222685858607292,0.20139047876000404
938,0.20077650249004364,0.20180916413664818
939,0.19885284453630447,0.19911615923047066
940,0.19847790524363518,0.1994701661169529
941,0.19778337702155113,0.1974983923137188
942,0.19732313975691795,0.19783523306250572
943,0.1972733698785305,0.19669568538665771
944,0.1968744359910488,0.1970219537615776
945,0.1970411129295826,0.19640903919935226
946,0.19666293635964394,0.19662975892424583
947,0.1969454176723957,0.19645771011710167
948,0.19666825979948044,0.19648094475269318
949,0.19680047780275345,0.19639670848846436
950,0.19665025547146797,0.1963963359594345
951,0.19673046842217445,0.19638239219784737
952,0.19657941162586212,0.19645701348781586
953,0.19674034416675568,0.19649385288357735
954,0.1966075301170349,0.19636478275060654
955,0.19668573513627052,0.19647259637713432
956,0.19664770737290382,0.19640888273715973
957,0.19663571193814278,0.19647899642586708
958,0.19664234295487404,0.19643328338861465
959,0.1966661512851715,0.19635548815131187
960,0.19656913727521896,0.1964007019996643
961,0.1966458112001419,0.1964222528040409
962,0.19652939215302467,0.19548794254660606
963,0.1952010728418827,0.1935574673116207
964,0.19335095584392548,0.193128552287817
965,0.19313115626573563,0.19221897795796394
966,0.19081469997763634,200.36333465576172
967,77.42514258623123,7.018051028251648
968,9.948782086372375,6.118028521537781
969,6.761694047600031,5.210278749465942
970,4.537631303071976,4.1673823595047
971,3.1234167963266373,3.308087170124054
972,2.1254014745354652,2.485594928264618
973,1.4935993403196335,1.8802918493747711
974,1.047070473432541,1.3538903892040253
975,0.7637179680168629,1.0019763112068176
976,0.5579244121909142,0.7097309678792953
977,0.43722212314605713,0.5408041626214981
978,0.35346459597349167,0.41113631427288055
979,0.30178168788552284,0.34358277916908264
980,0.26468322798609734,0.2859242558479309
981,0.2427908442914486,0.2592323124408722
982,0.2258421927690506,0.23365143686532974
983,0.21713054925203323,0.2238660529255867
984,0.20918305218219757,0.21148481592535973
985,0.20564719662070274,0.20839086547493935
986,0.20191451162099838,0.20251790061593056
987,0.20063934102654457,0.20186930149793625
988,0.19880113750696182,0.19880571961402893
989,0.1984359323978424,0.19891708344221115
990,0.1975104697048664,0.1973714679479599
991,0.1974918507039547,0.19762223958969116
992,0.19697152078151703,0.1967523954808712
993,0.1970163732767105,0.19703245162963867
994,0.1967790462076664,0.19650451466441154
995,0.19682654738426208,0.1967439278960228
996,0.19666216522455215,0.19641395285725594
997,0.19672425463795662,0.19659262150526047
998,0.1966390572488308,0.19636859372258186
999,0.1966649554669857,0.1965136006474495
1000,0.1966271996498108,0.19639234617352486
